chain,address,label,unit,balance,usdt,symbol,gas_native,gas_ok,owner_ok,is_multisig,is_eip7702,delegate_to,note,privkey,source
tron,TCo75zcxTuWn5nnFqZUeK5socdVnG11f2T,CTF-任务-7,3h-game,1.000001,0.0,TRX,1.000001,False,True,True,,,多签：owner 阈值 2/权重 1，active 阈值 2/权重 1,0000000000000000000000000000000000000000000000000000000000000004,F:\CTF-任务\3h-game\artifacts\3h-game\01-recon\raw\admin-item-config.json
tron,TDMnj3jd5A9uujdGmYnojVB8r8GnnugCwv,CTF-任务-19,3h-game,4.4e-05,0.0,TRX,4.4e-05,False,True,True,,,多签：owner 阈值 2/权重 1，active 阈值 2/权重 1,0000000000000000000000000000000000000000000000000000000000000011,F:\CTF-任务\3h-game\artifacts\3h-game\01-recon\raw\admin-item-config.json
tron,TEqspyxoU1gXFFg4NctkiB7ZBeBo7ZCpvY,CTF-任务-3414,hall_haoyun,4.9e-05,0.0,TRX,4.9e-05,False,True,True,,,多签：owner 阈值 2/权重 1，active 阈值 2/权重 1,0000000000000000000000000000000000000000000000000000000000001998,F:\CTF-任务\hall_haoyun\hall_haoyun\apk_extracted\assets\cfg\idrres\ResPackIndoorMap.sdkrs
tron,TGUrzpAScgJy9tyrrPJ6woywvf2eBSw5yv,CTF-任务-287,dapplink代码库,5.1e-05,0.0,TRX,5.1e-05,False,True,True,,,多签：owner 阈值 2/权重 1，active 阈值 2/权重 1,0000000000000000000000000000000000000000000000000000000000000123,F:\CTF-任务\dapplink代码库\gh\dapplink\client\docs\swagger-ui\swagger-ui-bundle.js
tron,TJyjQjoQ8xzJkkGgHEiAc9KohG29BsfSCL,CTF-任务-130,bvs,4.795613,0.0,TRX,4.795613,False,True,True,,,多签：owner 阈值 2/权重 1，active 阈值 2/权重 1,0000000000000000000000000000000000000000000000000000000000001111,F:\CTF-任务\bvs\bvs\admin_assets\app.js
tron,TLv6PADX8fLDxspnog4SR95aQbpruMphUG,CTF-任务-3,bvs,4.9e-05,0.0,TRX,4.9e-05,False,True,True,,,多签：owner 阈值 2/权重 1，active 阈值 2/权重 1,0000000000000000000000000000000000000000000000000000000000000777,F:\CTF-任务\bvs\bvs\v100_unpacked\classes.dex
tron,TM1XDVgwZUqPfQT1PTA7DszUE7Nw7DU7d1,CTF-任务-18,3h-game,4.9e-05,0.0,TRX,4.9e-05,False,True,True,,,多签：owner 阈值 2/权重 1，active 阈值 2/权重 1,0000000000000000000000000000000000000000000000000000000000000012,F:\CTF-任务\3h-game\artifacts\3h-game\01-recon\raw\admin-item-config.json
tron,TMVQGm1qAQYVdetCeGRRkTWYYrLXuHK2HC,CTF-任务-11,3h-game,104.297631,1000.0,TRX,104.297631,True,True,True,,,多签：owner 阈值 2/权重 1，active 阈值 2/权重 1,0000000000000000000000000000000000000000000000000000000000000001,F:\CTF-任务\3h-game\artifacts\3h-game\01-recon\raw\admin-item-config.json
tron,TRVSTkCVDLpwuYQ95GJe74CNFhd2nHJbvZ,CTF-任务-0,anchormcn,1.584933,0.0,TRX,1.584933,False,True,True,,,多签：owner 阈值 2/权重 1，active 阈值 2/权重 1,0000000000000000000000000000000000000000000000000000000123456789,F:\CTF-任务\anchormcn\CTF2副本\artifacts\01-recon\raw\utils-vendor-Da7xx5cP.js
tron,TRqKvxDn47SjhbzBCnZ5NdLeUDj9P3ynLE,CTF-任务-175,onchainsage,4.7e-05,0.0,TRX,4.7e-05,False,True,True,,,多签：owner 阈值 2/权重 1，active 阈值 2/权重 1,0000000000000000000000000000000000000000000000000000000000012345,F:\CTF-任务\onchainsage\onchainsage\repos\onchainsage\apps\dojo\snfoundry.toml
tron,TSYKPYRVzd3BmswSSgzEmxBodfM5syL4jD,CTF-任务-93,bvs,4.8e-05,0.0,TRX,4.8e-05,False,True,True,,,多签：owner 阈值 2/权重 1，active 阈值 2/权重 1,0000000000000000000000000000000000000000000000000000000012345678,F:\CTF-任务\bvs\bvs\debug_resp.json
tron,TUqoWCpNbTPc7EwG2GbLpyPr7TYzEVYjhb,CTF-任务-3004,hall_haoyun,5.2e-05,0.0,TRX,5.2e-05,False,True,True,,,多签：owner 阈值 2/权重 1，active 阈值 2/权重 1,0000000000000000000000000000000000000000000000000000000000001234,F:\CTF-任务\hall_haoyun\hall_haoyun\apk_extracted\assets\cfg\idrres\ResPackIndoorMap.sdkrs
tron,TVJjphBwXTtDTVJZUEEG9g3CWD7vLcBAS8,CTF-任务-4,3h-game,3.000001,0.0,TRX,3.000001,False,True,True,,,多签：owner 阈值 2/权重 1，active 阈值 2/权重 1,0000000000000000000000000000000000000000000000000000000000000007,F:\CTF-任务\3h-game\artifacts\3h-game\01-recon\raw\admin-item-config.json
tron,TVUWYA9134NEyaXEvMSZrwDTgGQjdLdR5m,CTF-任务-7,dapplink代码库,4.7e-05,0.0,TRX,4.7e-05,False,True,True,,,多签：owner 阈值 2/权重 1，active 阈值 2/权重 1,0000000000000000000000000000000000000000000000000000000000123456,F:\CTF-任务\dapplink代码库\gh\dapplink\ibc\utils_test.go
tron,TVUu8MeWcbBd47z5DW531cS3TwrZnN8ggC,CTF-任务-59,aixai,1.000002,0.0,TRX,1.000002,False,True,True,,,多签：owner 阈值 2/权重 1，active 阈值 2/权重 1,0000000000000000000000000000000000000000000000000000000000000258,F:\CTF-任务\aixai\aixai\apk_full\assets\public\lottie-js\index.js
tron,TWChGt6PamMRaUjE6PdxjTn3FMEHfKgUd5,CTF-任务-106,lulu,1.000002,0.0,TRX,1.000002,False,True,True,,,多签：owner 阈值 2/权重 1，active 阈值 2/权重 1,0000000000000000000000000000000000000000000000000000000000007777,F:\CTF-任务\lulu\artifacts\lulu\cache\classes.dex
tron,TY1VpQzA5UoFKy5mchaEteyU1xFtH4iSWa,CTF-任务-1762,hall_haoyun,4.7e-05,0.0,TRX,4.7e-05,False,True,True,,,多签：owner 阈值 2/权重 1，active 阈值 2/权重 1,0000000000000000000000000000000000000000000000000000000000002005,F:\CTF-任务\hall_haoyun\hall_haoyun\apk_extracted\assets\cfg\a\mode_1\map.sdkrs
tron,TYyZ4SDCMZZqMuZs944adE3ZHo1gALPLbq,CTF-任务-16,999swap,4.5e-05,0.0,TRX,4.5e-05,False,True,True,,,多签：owner 阈值 2/权重 1，active 阈值 2/权重 1,00000000000000000000000000000000000000000000000000000000000000dc,F:\CTF-任务\999swap\artifacts\999swap\01-recon\raw\js\0cz1d0mv5g_q7.js
